Event Name,Data Element Name,Position,Required,Data Type,JSON Data Type,Choices,Array Elements
MECO,actionType,1,Required,Choice,STRING,"['NEW', 'COR', 'RPR', 'DEL']",
MECO,errorROEID,2,Conditional,Unsigned,NUMBER,,
MECO,firmROEID,3,Required,Text (64),STRING,,
MECO,type,4,Required,Message Type,STRING,,
MECO,CATReporterIMID,5,Optional,CAT Reporter IMID,STRING,,
MECO,orderKeyDate,6,Required,Timestamp,"['STRING', 'NUMBER']",,
MECO,orderID,7,Required,Text (64),STRING,,
MECO,symbol,8,Required,Symbol,STRING,,
MECO,parentOrderKeyDate,9,Required,Timestamp,"['STRING', 'NUMBER']",,
MECO,parentOrderID,10,Required,Text (64),STRING,,
MECO,originatingIMID,11,Conditional,CAT Reporter IMID,STRING,,
MECO,eventTimestamp,12,Required,Timestamp,"['STRING', 'NUMBER']",,
MECO,side,13,Required,Choice,STRING,"['B', 'SL', 'SS', 'SX']",
MECO,price,14,Conditional,Price,NUMBER,,
MECO,quantity,15,Required,Real Quantity,NUMBER,,
MECO,minQty,16,Conditional,Whole Quantity,NUMBER,,
MECO,orderType,17,Required,Choice,STRING,"['CAB', 'LMT', 'MKT']",
MECO,timeInForce,18,Required,Name/Value Pairs,OBJECT,,
MECO,tradingSession,19,Required,Choice,STRING,"['FOR', 'PRE', 'PREREG', 'REG', 'REGPOST', 'POST', 'PREPOST', 'ALL']",
MECO,handlingInstructions,20,Conditional,Name/Value Pairs,OBJECT,,
MECO,seqNum,21,Conditional,Alphanumeric (40),STRING,,
MECO,atsDisplayInd,22,Conditional,Choice,STRING,"['S', 'A', 'Y', 'N']",
MECO,displayPrice,23,Conditional,Price,NUMBER,,
MECO,workingPrice,24,Conditional,Price,NUMBER,,
MECO,displayQty,25,Conditional,Whole Quantity,NUMBER,,
MECO,nbbPrice,26,Conditional,Price,NUMBER,,
MECO,nbbQty,27,Conditional,Whole Quantity,NUMBER,,
MECO,nboPrice,28,Conditional,Price,NUMBER,,
MECO,nboQty,29,Conditional,Whole Quantity,NUMBER,,
MECO,nbboSource,30,Conditional,Choice,STRING,"['D', 'S', 'H', 'NA']",
MECO,nbboTimestamp,31,Conditional,Timestamp,"['STRING', 'NUMBER']",,
MECOC,actionType,1,Required,Choice,STRING,"['NEW', 'COR', 'RPR', 'DEL']",
MECOC,errorROEID,2,Conditional,Unsigned,NUMBER,,
MECOC,firmROEID,3,Required,Text (64),STRING,,
MECOC,type,4,Required,Message Type,STRING,,
MECOC,CATReporterIMID,5,Optional,CAT Reporter IMID,STRING,,
MECOC,orderKeyDate,6,Required,Timestamp,"['STRING', 'NUMBER']",,
MECOC,orderID,7,Required,Text (64),STRING,,
MECOC,symbol,8,Required,Symbol,STRING,,
MECOC,originatingIMID,9,Conditional,CAT Reporter IMID,STRING,,
MECOC,eventTimestamp,10,Required,Timestamp,"['STRING', 'NUMBER']",,
MECOC,side,11,Required,Choice,STRING,"['B', 'SL', 'SS', 'SX']",
MECOC,cancelQty,12,Required,Real Quantity,NUMBER,,
MECOC,leavesQty,13,Required,Real Quantity,NUMBER,,
MECOC,reservedForFutureUse,14,Optional,Text (0),STRING,,
MECOC,seqNum,15,Conditional,Alphanumeric (40),STRING,,
MECOM,actionType,1,Required,Choice,STRING,"['NEW', 'COR', 'RPR', 'DEL']",
MECOM,errorROEID,2,Conditional,Unsigned,NUMBER,,
MECOM,firmROEID,3,Required,Text (64),STRING,,
MECOM,type,4,Required,Message Type,STRING,,
MECOM,CATReporterIMID,5,Optional,CAT Reporter IMID,STRING,,
MECOM,orderKeyDate,6,Required,Timestamp,"['STRING', 'NUMBER']",,
MECOM,orderID,7,Required,Text (64),STRING,,
MECOM,symbol,8,Required,Symbol,STRING,,
MECOM,priorOrderKeyDate,9,Conditional,Timestamp,"['STRING', 'NUMBER']",,
MECOM,priorOrderID,10,Conditional,Text (64),STRING,,
MECOM,originatingIMID,11,Conditional,CAT Reporter IMID,STRING,,
MECOM,eventTimestamp,12,Required,Timestamp,"['STRING', 'NUMBER']",,
MECOM,side,13,Required,Choice,STRING,"['B', 'SL', 'SS', 'SX']",
MECOM,price,14,Conditional,Price,NUMBER,,
MECOM,quantity,15,Required,Real Quantity,NUMBER,,
MECOM,minQty,16,Conditional,Whole Quantity,NUMBER,,
MECOM,leavesQty,17,Required,Real Quantity,NUMBER,,
MECOM,orderType,18,Required,Choice,STRING,"['CAB', 'LMT', 'MKT']",
MECOM,timeInForce,19,Required,Name/Value Pairs,OBJECT,,
MECOM,tradingSession,20,Required,Choice,STRING,"['FOR', 'PRE', 'PREREG', 'REG', 'REGPOST', 'POST', 'PREPOST', 'ALL']",
MECOM,handlingInstructions,21,Conditional,Name/Value Pairs,OBJECT,,
MECOM,seqNum,22,Conditional,Alphanumeric (40),STRING,,
MECOM,atsDisplayInd,23,Conditional,Choice,STRING,"['S', 'A', 'Y', 'N']",
MECOM,displayPrice,24,Conditional,Price,NUMBER,,
MECOM,workingPrice,25,Conditional,Price,NUMBER,,
MECOM,displayQty,26,Conditional,Whole Quantity,NUMBER,,
MECOM,nbbPrice,27,Conditional,Price,NUMBER,,
MECOM,nbbQty,28,Conditional,Whole Quantity,NUMBER,,
MECOM,nboPrice,29,Conditional,Price,NUMBER,,
MECOM,nboQty,30,Conditional,Whole Quantity,NUMBER,,
MECOM,nbboSource,31,Conditional,Choice,STRING,"['D', 'S', 'H', 'NA']",
MECOM,nbboTimestamp,32,Conditional,Timestamp,"['STRING', 'NUMBER']",,
MEFA,actionType,1,Required,Choice,STRING,"['NEW', 'COR', 'RPR', 'DEL']",
MEFA,errorROEID,2,Conditional,Unsigned,NUMBER,,
MEFA,firmROEID,3,Required,Text (64),STRING,,
MEFA,type,4,Required,Message Type,STRING,,
MEFA,CATReporterIMID,5,Optional,CAT Reporter IMID,STRING,,
MEFA,fillKeyDate,6,Required,Timestamp,"['STRING', 'NUMBER']",,
MEFA,fulfillmentID,7,Required,Text (64),STRING,,
MEFA,priorFillKeyDate,8,Conditional,Timestamp,"['STRING', 'NUMBER']",,
MEFA,priorFulfillmentID,9,Conditional,Text (64),STRING,,
MEFA,symbol,10,Required,Symbol,STRING,,
MEFA,originatingIMID,11,Conditional,CAT Reporter IMID,STRING,,
MEFA,eventTimestamp,12,Required,Timestamp,"['STRING', 'NUMBER']",,
MEFA,manualFlag,13,Required,Boolean,BOOLEAN,,
MEFA,electronicTimestamp,14,Conditional,Timestamp,"['STRING', 'NUMBER']",,
MEFA,quantity,15,Required,Real Quantity,NUMBER,,
MEFA,capacity,16,Required,Choice,STRING,"['A', 'P', 'R']",
MEFA,price,17,Required,Price,NUMBER,,
MEFA,fulfillmentLinkType,18,Required,Choice,STRING,"['Y', 'YF', 'YP', 'YE', 'FOR', 'O']",
MEFA,clientDetails,19,Required,Fulfillment Side Details,ARRAY,,Array Elements exist
MEFA,firmDetails,20,Conditional,Fulfillment Side Details,ARRAY,,Array Elements exist
MEIR,actionType,1,Required,Choice,STRING,"['NEW', 'COR', 'RPR', 'DEL']",
MEIR,errorROEID,2,Conditional,Unsigned,NUMBER,,
MEIR,firmROEID,3,Required,Text (64),STRING,,
MEIR,type,4,Required,Message Type,STRING,,
MEIR,CATReporterIMID,5,Optional,CAT Reporter IMID,STRING,,
MEIR,orderKeyDate,6,Required,Timestamp,"['STRING', 'NUMBER']",,
MEIR,orderID,7,Required,Text (64),STRING,,
MEIR,symbol,8,Required,Symbol,STRING,,
MEIR,parentOrderKeyDate,9,Conditional,Timestamp,"['STRING', 'NUMBER']",,
MEIR,parentOrderID,10,Conditional,Text (64),STRING,,
MEIR,originatingIMID,11,Conditional,CAT Reporter IMID,STRING,,
MEIR,eventTimestamp,12,Required,Timestamp,"['STRING', 'NUMBER']",,
MEIR,manualFlag,13,Required,Boolean,BOOLEAN,,
MEIR,electronicTimestamp,14,Conditional,Timestamp,"['STRING', 'NUMBER']",,
MEIR,deptType,15,Required,Choice,STRING,"['A', 'ATS', 'DMA', 'FB', 'SA', 'T', 'O']",
MEIR,receivingDeskType,16,Required,Choice,STRING,"['A', 'AR', 'B', 'C', 'CR', 'D', 'EC', 'FB', 'IN', 'IS', 'O', 'PF', 'PR', 'PT', 'S', 'SW', 'T', 'TR']",
MEIR,infoBarrierID,17,Conditional,Text (20),STRING,,
MEIR,side,18,Required,Choice,STRING,"['B', 'SL', 'SS', 'SX']",
MEIR,price,19,Conditional,Price,NUMBER,,
MEIR,quantity,20,Required,Real Quantity,NUMBER,,
MEIR,minQty,21,Conditional,Whole Quantity,NUMBER,,
MEIR,orderType,22,Required,Choice,STRING,"['CAB', 'LMT', 'MKT']",
MEIR,handlingInstructions,23,Conditional,Name/Value Pairs,OBJECT,,
MEIR,timeInForce,24,Required,Name/Value Pairs,OBJECT,,
MEIR,tradingSession,25,Required,Choice,STRING,"['FOR', 'PRE', 'PREREG', 'REG', 'REGPOST', 'POST', 'PREPOST', 'ALL']",
MENO,actionType,1,Required,Choice,STRING,"['NEW', 'COR', 'RPR', 'DEL']",
MENO,errorROEID,2,Conditional,Unsigned,NUMBER,,
MENO,firmROEID,3,Required,Text (64),STRING,,
MENO,type,4,Required,Message Type,STRING,,
MENO,CATReporterIMID,5,Optional,CAT Reporter IMID,STRING,,
MENO,orderKeyDate,6,Required,Timestamp,"['STRING', 'NUMBER']",,
MENO,orderID,7,Required,Text (64),STRING,,
MENO,symbol,8,Required,Symbol,STRING,,
MENO,eventTimestamp,9,Required,Timestamp,"['STRING', 'NUMBER']",,
MENO,manualFlag,10,Required,Boolean,BOOLEAN,,
MENO,electronicDupFlag,11,Required,Boolean,BOOLEAN,,
MENO,electronicTimestamp,12,Conditional,Timestamp,"['STRING', 'NUMBER']",,
MENO,manualOrderKeyDate,13,Optional,Timestamp,"['STRING', 'NUMBER']",,
MENO,manualOrderID,14,Optional,Text (64),STRING,,
MENO,deptType,15,Required,Choice,STRING,"['A', 'ATS', 'DMA', 'FB', 'SA', 'T', 'O']",
MENO,quoteKeyDate,16,Conditional,Timestamp,"['STRING', 'NUMBER']",,
MENO,quoteID,17,Conditional,Text (64),STRING,,
MENO,side,18,Required,Choice,STRING,"['B', 'SL', 'SS', 'SX']",
MENO,price,19,Conditional,Price,NUMBER,,
MENO,quantity,20,Required,Real Quantity,NUMBER,,
MENO,minQty,21,Conditional,Whole Quantity,NUMBER,,
MENO,orderType,22,Required,Choice,STRING,"['CAB', 'LMT', 'MKT']",
MENO,timeInForce,23,Required,Name/Value Pairs,OBJECT,,
MENO,tradingSession,24,Required,Choice,STRING,"['FOR', 'PRE', 'PREREG', 'REG', 'REGPOST', 'POST', 'PREPOST', 'ALL']",
MENO,handlingInstructions,25,Conditional,Name/Value Pairs,OBJECT,,
MENO,custDspIntrFlag,26,Required,Boolean,BOOLEAN,,
MENO,firmDesignatedID,27,Required,Text (40),STRING,,
MENO,accountHolderType,28,Required,Choice,STRING,"['A', 'E', 'F', 'I', 'O', 'V', 'P', 'X']",
MENO,affiliateFlag,29,Required,Boolean,BOOLEAN,,
MENO,infoBarrierID,30,Conditional,Text (20),STRING,,
MENO,aggregatedOrders,31,Conditional,Aggregated Orders,ARRAY,,Array Elements exist
MENO,negotiatedTradeFlag,32,Required,Boolean,BOOLEAN,,
MENO,representativeInd,33,Required,Choice,STRING,"['Y', 'YS', 'YF', 'YP', 'YE', 'O', 'N']",
MENO,seqNum,34,Conditional,Alphanumeric (40),STRING,,
MENO,atsDisplayInd,35,Conditional,Choice,STRING,"['S', 'A', 'Y', 'N']",
MENO,displayPrice,36,Conditional,Price,NUMBER,,
MENO,workingPrice,37,Conditional,Price,NUMBER,,
MENO,displayQty,38,Conditional,Whole Quantity,NUMBER,,
MENO,atsOrderType,39,Conditional,Array,ARRAY,,
MENO,nbbPrice,40,Conditional,Price,NUMBER,,
MENO,nbbQty,41,Conditional,Whole Quantity,NUMBER,,
MENO,nboPrice,42,Conditional,Price,NUMBER,,
MENO,nboQty,43,Conditional,Whole Quantity,NUMBER,,
MENO,nbboSource,44,Conditional,Choice,STRING,"['D', 'S', 'H', 'NA']",
MENO,nbboTimestamp,45,Conditional,Timestamp,"['STRING', 'NUMBER']",,
MENOS,actionType,1,Required,Choice,STRING,"['NEW', 'COR', 'RPR', 'DEL']",
MENOS,errorROEID,2,Conditional,Unsigned,NUMBER,,
MENOS,firmROEID,3,Required,Text (64),STRING,,
MENOS,type,4,Required,Message Type,STRING,,
MENOS,CATReporterIMID,5,Optional,CAT Reporter IMID,STRING,,
MENOS,orderKeyDate,6,Required,Timestamp,"['STRING', 'NUMBER']",,
MENOS,orderID,7,Required,Text (64),STRING,,
MENOS,symbol,8,Required,Symbol,STRING,,
MENOS,originatingIMID,9,Conditional,CAT Reporter IMID,STRING,,
MENOS,eventTimestamp,10,Required,Timestamp,"['STRING', 'NUMBER']",,
MENOS,aggregatedOrders,11,Conditional,Aggregated Orders,ARRAY,,Array Elements exist
MENOS,firmDesignatedID,12,Conditional,Text (40),STRING,,
MENQ,actionType,1,Required,Choice,STRING,"['NEW', 'COR', 'RPR', 'DEL']",
MENQ,errorROEID,2,Conditional,Unsigned,NUMBER,,
MENQ,firmROEID,3,Required,Text (64),STRING,,
MENQ,type,4,Required,Message Type,STRING,,
MENQ,CATReporterIMID,5,Optional,CAT Reporter IMID,STRING,,
MENQ,quoteKeyDate,6,Required,Timestamp,"['STRING', 'NUMBER']",,
MENQ,quoteID,7,Required,Text (64),STRING,,
MENQ,symbol,8,Required,Symbol,STRING,,
MENQ,priorQuoteKeyDate,9,Conditional,Timestamp,"['STRING', 'NUMBER']",,
MENQ,priorQuoteID,10,Conditional,Text (64),STRING,,
MENQ,eventTimestamp,11,Required,Timestamp,"['STRING', 'NUMBER']",,
MENQ,seqNum,12,Conditional,Alphanumeric (40),STRING,,
MENQ,senderIMID,13,Conditional,Industry Member ID,STRING,,
MENQ,destination,14,Conditional,Industry Member ID,STRING,,
MENQ,routedQuoteID,15,Conditional,Text (64),STRING,,
MENQ,onlyOneQuoteFlag,16,Required,Boolean,BOOLEAN,,
MENQ,bidPrice,17,Conditional,Price,NUMBER,,
MENQ,bidQty,18,Conditional,Whole Quantity,NUMBER,,
MENQ,askPrice,19,Conditional,Price,NUMBER,,
MENQ,askQty,20,Conditional,Whole Quantity,NUMBER,,
MENQ,firmDesignatedID,21,Required,Text (40),STRING,,
MENQ,accountHolderType,22,Required,Choice,STRING,"['A', 'E', 'F', 'I', 'O', 'V', 'P', 'X']",
MENQ,unsolicitedInd,23,Required,Choice,STRING,"['U', 'A', 'B', 'N']",
MENQ,mpStatusCode,24,Conditional,Choice,STRING,"['O', 'C']",
MENQ,quoteRejectedFlag,25,Optional,Boolean,BOOLEAN,,
MEOA,actionType,1,Required,Choice,STRING,"['NEW', 'COR', 'RPR', 'DEL']",
MEOA,errorROEID,2,Conditional,Unsigned,NUMBER,,
MEOA,firmROEID,3,Required,Text (64),STRING,,
MEOA,type,4,Required,Message Type,STRING,,
MEOA,CATReporterIMID,5,Optional,CAT Reporter IMID,STRING,,
MEOA,orderKeyDate,6,Required,Timestamp,"['STRING', 'NUMBER']",,
MEOA,orderID,7,Required,Text (64),STRING,,
MEOA,symbol,8,Required,Symbol,STRING,,
MEOA,eventTimestamp,9,Required,Timestamp,"['STRING', 'NUMBER']",,
MEOA,manualFlag,10,Required,Boolean,BOOLEAN,,
MEOA,electronicDupFlag,11,Required,Boolean,BOOLEAN,,
MEOA,electronicTimestamp,12,Conditional,Timestamp,"['STRING', 'NUMBER']",,
MEOA,receiverIMID,13,Required,Industry Member ID,STRING,,
MEOA,senderIMID,14,Required,"['Industry Member ID', 'Exchange ID']",STRING,,
MEOA,senderType,15,Required,Choice,STRING,"['F', 'E']",
MEOA,routedOrderID,16,Conditional,Text (64),STRING,,
MEOA,manualOrderKeyDate,17,Optional,Timestamp,"['STRING', 'NUMBER']",,
MEOA,manualOrderID,18,Optional,Text (64),STRING,,
MEOA,affiliateFlag,19,Required,Boolean,BOOLEAN,,
MEOA,deptType,20,Required,Choice,STRING,"['A', 'ATS', 'DMA', 'FB', 'SA', 'T', 'O']",
MEOA,side,21,Required,Choice,STRING,"['B', 'SL', 'SS', 'SX']",
MEOA,price,22,Conditional,Price,NUMBER,,
MEOA,quantity,23,Required,Real Quantity,NUMBER,,
MEOA,minQty,24,Conditional,Whole Quantity,NUMBER,,
MEOA,orderType,25,Required,Choice,STRING,"['CAB', 'LMT', 'MKT']",
MEOA,timeInForce,26,Required,Name/Value Pairs,OBJECT,,
MEOA,tradingSession,27,Required,Choice,STRING,"['FOR', 'PRE', 'PREREG', 'REG', 'REGPOST', 'POST', 'PREPOST', 'ALL']",
MEOA,isoInd,28,Required,Choice,STRING,"['ISOD', 'ISOI', 'NA']",
MEOA,handlingInstructions,29,Conditional,Name/Value Pairs,OBJECT,,
MEOA,custDspIntrFlag,30,Required,Boolean,BOOLEAN,,
MEOA,infoBarrierID,31,Conditional,Text (20),STRING,,
MEOA,seqNum,32,Conditional,Alphanumeric (40),STRING,,
MEOA,atsDisplayInd,33,Conditional,Choice,STRING,"['S', 'A', 'Y', 'N']",
MEOA,displayPrice,34,Conditional,Price,NUMBER,,
MEOA,workingPrice,35,Conditional,Price,NUMBER,,
MEOA,displayQty,36,Conditional,Whole Quantity,NUMBER,,
MEOA,atsOrderType,37,Conditional,Array,ARRAY,,
MEOA,nbbPrice,38,Conditional,Price,NUMBER,,
MEOA,nbbQty,39,Conditional,Whole Quantity,NUMBER,,
MEOA,nboPrice,40,Conditional,Price,NUMBER,,
MEOA,nboQty,41,Conditional,Whole Quantity,NUMBER,,
MEOA,nbboSource,42,Conditional,Choice,STRING,"['D', 'S', 'H', 'NA']",
MEOA,nbboTimestamp,43,Conditional,Timestamp,"['STRING', 'NUMBER']",,
MEOC,actionType,1,Required,Choice,STRING,"['NEW', 'COR', 'RPR', 'DEL']",
MEOC,errorROEID,2,Conditional,Unsigned,NUMBER,,
MEOC,firmROEID,3,Required,Text (64),STRING,,
MEOC,type,4,Required,Message Type,STRING,,
MEOC,CATReporterIMID,5,Optional,CAT Reporter IMID,STRING,,
MEOC,orderKeyDate,6,Required,Timestamp,"['STRING', 'NUMBER']",,
MEOC,orderID,7,Required,Text (64),STRING,,
MEOC,symbol,8,Required,Symbol,STRING,,
MEOC,originatingIMID,9,Conditional,CAT Reporter IMID,STRING,,
MEOC,eventTimestamp,10,Required,Timestamp,"['STRING', 'NUMBER']",,
MEOC,manualFlag,11,Required,Boolean,BOOLEAN,,
MEOC,electronicTimestamp,12,Conditional,Timestamp,"['STRING', 'NUMBER']",,
MEOC,cancelQty,13,Required,Real Quantity,NUMBER,,
MEOC,leavesQty,14,Required,Real Quantity,NUMBER,,
MEOC,initiator,15,Required,Choice,STRING,"['C', 'F']",
MEOC,seqNum,16,Conditional,Alphanumeric (40),STRING,,
MEOF,actionType,1,Required,Choice,STRING,"['NEW', 'COR', 'RPR', 'DEL']",
MEOF,errorROEID,2,Conditional,Unsigned,NUMBER,,
MEOF,firmROEID,3,Required,Text (64),STRING,,
MEOF,type,4,Required,Message Type,STRING,,
MEOF,CATReporterIMID,5,Optional,CAT Reporter IMID,STRING,,
MEOF,fillKeyDate,6,Required,Timestamp,"['STRING', 'NUMBER']",,
MEOF,fulfillmentID,7,Required,Text (64),STRING,,
MEOF,symbol,8,Required,Symbol,STRING,,
MEOF,eventTimestamp,9,Required,Timestamp,"['STRING', 'NUMBER']",,
MEOF,manualFlag,10,Required,Boolean,BOOLEAN,,
MEOF,electronicTimestamp,11,Conditional,Timestamp,"['STRING', 'NUMBER']",,
MEOF,fulfillmentLinkType,12,Required,Choice,STRING,"['Y', 'YF', 'YP', 'YE', 'FOR', 'O']",
MEOF,cancelFlag,13,Required,Boolean,BOOLEAN,,
MEOF,cancelTimestamp,14,Conditional,Timestamp,"['STRING', 'NUMBER']",,
MEOF,quantity,15,Required,Real Quantity,NUMBER,,
MEOF,price,16,Required,Price,NUMBER,,
MEOF,capacity,17,Required,Choice,STRING,"['A', 'P', 'R']",
MEOF,clientDetails,18,Required,Fulfillment Side Details,ARRAY,,Array Elements exist
MEOF,firmDetails,19,Conditional,Fulfillment Side Details,ARRAY,,Array Elements exist
MEOJ,actionType,1,Required,Choice,STRING,"['NEW', 'COR', 'RPR', 'DEL']",
MEOJ,errorROEID,2,Conditional,Unsigned,NUMBER,,
MEOJ,firmROEID,3,Required,Text (64),STRING,,
MEOJ,type,4,Required,Message Type,STRING,,
MEOJ,CATReporterIMID,5,Optional,CAT Reporter IMID,STRING,,
MEOJ,orderKeyDate,6,Required,Timestamp,"['STRING', 'NUMBER']",,
MEOJ,orderID,7,Required,Text (64),STRING,,
MEOJ,symbol,8,Required,Symbol,STRING,,
MEOJ,priorOrderKeyDate,9,Conditional,Timestamp,"['STRING', 'NUMBER']",,
MEOJ,priorOrderID,10,Conditional,Text (64),STRING,,
MEOJ,originatingIMID,11,Conditional,CAT Reporter IMID,STRING,,
MEOJ,eventTimestamp,12,Required,Timestamp,"['STRING', 'NUMBER']",,
MEOJ,manualFlag,13,Required,Boolean,BOOLEAN,,
MEOJ,electronicTimestamp,14,Conditional,Timestamp,"['STRING', 'NUMBER']",,
MEOJ,initiator,15,Required,Choice,STRING,"['C', 'F']",
MEOJ,price,16,Conditional,Price,NUMBER,,
MEOJ,quantity,17,Conditional,Real Quantity,NUMBER,,
MEOJ,minQty,18,Conditional,Whole Quantity,NUMBER,,
MEOJ,leavesQty,19,Conditional,Real Quantity,NUMBER,,
MEOJ,seqNum,20,Conditional,Alphanumeric (40),STRING,,
MEOJ,atsDisplayInd,21,Conditional,Choice,STRING,"['S', 'A', 'Y', 'N']",
MEOJ,displayPrice,22,Conditional,Price,NUMBER,,
MEOJ,workingPrice,23,Conditional,Price,NUMBER,,
MEOJ,displayQty,24,Conditional,Whole Quantity,NUMBER,,
MEOJ,nbbPrice,25,Conditional,Price,NUMBER,,
MEOJ,nbbQty,26,Conditional,Whole Quantity,NUMBER,,
MEOJ,nboPrice,27,Conditional,Price,NUMBER,,
MEOJ,nboQty,28,Conditional,Whole Quantity,NUMBER,,
MEOJ,nbboSource,29,Conditional,Choice,STRING,"['D', 'S', 'H', 'NA']",
MEOJ,nbboTimestamp,30,Conditional,Timestamp,"['STRING', 'NUMBER']",,
MEOM,actionType,1,Required,Choice,STRING,"['NEW', 'COR', 'RPR', 'DEL']",
MEOM,errorROEID,2,Conditional,Unsigned,NUMBER,,
MEOM,firmROEID,3,Required,Text (64),STRING,,
MEOM,type,4,Required,Message Type,STRING,,
MEOM,CATReporterIMID,5,Optional,CAT Reporter IMID,STRING,,
MEOM,orderKeyDate,6,Required,Timestamp,"['STRING', 'NUMBER']",,
MEOM,orderID,7,Required,Text (64),STRING,,
MEOM,symbol,8,Required,Symbol,STRING,,
MEOM,priorOrderKeyDate,9,Conditional,Timestamp,"['STRING', 'NUMBER']",,
MEOM,priorOrderID,10,Conditional,Text (64),STRING,,
MEOM,originatingIMID,11,Conditional,CAT Reporter IMID,STRING,,
MEOM,eventTimestamp,12,Required,Timestamp,"['STRING', 'NUMBER']",,
MEOM,manualFlag,13,Required,Boolean,BOOLEAN,,
MEOM,manualOrderKeyDate,14,Optional,Timestamp,"['STRING', 'NUMBER']",,
MEOM,manualOrderID,15,Optional,Text (64),STRING,,
MEOM,electronicDupFlag,16,Required,Boolean,BOOLEAN,,
MEOM,electronicTimestamp,17,Conditional,Timestamp,"['STRING', 'NUMBER']",,
MEOM,receiverIMID,18,Conditional,Industry Member ID,STRING,,
MEOM,senderIMID,19,Conditional,"['Industry Member ID', 'Exchange ID']",STRING,,
MEOM,senderType,20,Conditional,Choice,STRING,"['F', 'E']",
MEOM,routedOrderID,21,Conditional,Text (64),STRING,,
MEOM,quoteID,22,Conditional,Text (64),STRING,,
MEOM,quoteKeyDate,23,Conditional,Timestamp,"['STRING', 'NUMBER']",,
MEOM,priorQuoteID,24,Conditional,Text (64),STRING,,
MEOM,priorQuoteKeyDate,25,Conditional,Timestamp,"['STRING', 'NUMBER']",,
MEOM,initiator,26,Required,Choice,STRING,"['C', 'F']",
MEOM,side,27,Required,Choice,STRING,"['B', 'SL', 'SS', 'SX']",
MEOM,price,28,Conditional,Price,NUMBER,,
MEOM,quantity,29,Required,Real Quantity,NUMBER,,
MEOM,minQty,30,Conditional,Whole Quantity,NUMBER,,
MEOM,leavesQty,31,Required,Real Quantity,NUMBER,,
MEOM,orderType,32,Required,Choice,STRING,"['CAB', 'LMT', 'MKT']",
MEOM,timeInForce,33,Required,Name/Value Pairs,OBJECT,,
MEOM,tradingSession,34,Required,Choice,STRING,"['FOR', 'PRE', 'PREREG', 'REG', 'REGPOST', 'POST', 'PREPOST', 'ALL']",
MEOM,isoInd,35,Required,Choice,STRING,"['ISOD', 'ISOI', 'NA']",
MEOM,handlingInstructions,36,Conditional,Name/Value Pairs,OBJECT,,
MEOM,custDspIntrFlag,37,Required,Boolean,BOOLEAN,,
MEOM,infoBarrierID,38,Conditional,Text (20),STRING,,
MEOM,aggregatedOrders,39,Conditional,Aggregated Orders,ARRAY,,Array Elements exist
MEOM,representativeInd,40,Required,Choice,STRING,"['Y', 'YS', 'YF', 'YP', 'YE', 'O', 'N']",
MEOM,seqNum,41,Conditional,Alphanumeric (40),STRING,,
MEOM,atsDisplayInd,42,Conditional,Choice,STRING,"['S', 'A', 'Y', 'N']",
MEOM,displayPrice,43,Conditional,Price,NUMBER,,
MEOM,workingPrice,44,Conditional,Price,NUMBER,,
MEOM,displayQty,45,Conditional,Whole Quantity,NUMBER,,
MEOM,atsOrderType,46,Conditional,Array,ARRAY,,
MEOM,nbbPrice,47,Conditional,Price,NUMBER,,
MEOM,nbbQty,48,Conditional,Whole Quantity,NUMBER,,
MEOM,nboPrice,49,Conditional,Price,NUMBER,,
MEOM,nboQty,50,Conditional,Whole Quantity,NUMBER,,
MEOM,nbboSource,51,Conditional,Choice,STRING,"['D', 'S', 'H', 'NA']",
MEOM,nbboTimestamp,52,Conditional,Timestamp,"['STRING', 'NUMBER']",,
MEOMS,actionType,1,Required,Choice,STRING,"['NEW', 'COR', 'RPR', 'DEL']",
MEOMS,errorROEID,2,Conditional,Unsigned,NUMBER,,
MEOMS,firmROEID,3,Required,Text (64),STRING,,
MEOMS,type,4,Required,Message Type,STRING,,
MEOMS,CATReporterIMID,5,Optional,CAT Reporter IMID,STRING,,
MEOMS,orderKeyDate,6,Required,Timestamp,"['STRING', 'NUMBER']",,
MEOMS,orderID,7,Required,Text (64),STRING,,
MEOMS,symbol,8,Required,Symbol,STRING,,
MEOMS,originatingIMID,9,Conditional,CAT Reporter IMID,STRING,,
MEOMS,eventTimestamp,10,Required,Timestamp,"['STRING', 'NUMBER']",,
MEOMS,aggregatedOrders,11,Required,Aggregated Orders,ARRAY,,Array Elements exist
MEOR,actionType,1,Required,Choice,STRING,"['NEW', 'COR', 'RPR', 'DEL']",
MEOR,errorROEID,2,Conditional,Unsigned,NUMBER,,
MEOR,firmROEID,3,Required,Text (64),STRING,,
MEOR,type,4,Required,Message Type,STRING,,
MEOR,CATReporterIMID,5,Optional,CAT Reporter IMID,STRING,,
MEOR,orderKeyDate,6,Required,Timestamp,"['STRING', 'NUMBER']",,
MEOR,orderID,7,Required,Text (64),STRING,,
MEOR,symbol,8,Required,Symbol,STRING,,
MEOR,originatingIMID,9,Conditional,CAT Reporter IMID,STRING,,
MEOR,eventTimestamp,10,Required,Timestamp,"['STRING', 'NUMBER']",,
MEOR,manualFlag,11,Required,Boolean,BOOLEAN,,
MEOR,electronicDupFlag,12,Required,Boolean,BOOLEAN,,
MEOR,electronicTimestamp,13,Conditional,Timestamp,"['STRING', 'NUMBER']",,
MEOR,senderIMID,14,Conditional,Industry Member ID,STRING,,
MEOR,destination,15,Conditional,"['Industry Member ID', 'Exchange ID']",STRING,,
MEOR,destinationType,16,Required,Choice,STRING,"['F', 'E', 'N']",
MEOR,routedOrderID,17,Conditional,Text (64),STRING,,
MEOR,session,18,Conditional,Text (40),STRING,,
MEOR,side,19,Required,Choice,STRING,"['B', 'SL', 'SS', 'SX']",
MEOR,price,20,Conditional,Price,NUMBER,,
MEOR,quantity,21,Required,Real Quantity,NUMBER,,
MEOR,minQty,22,Conditional,Whole Quantity,NUMBER,,
MEOR,orderType,23,Required,Choice,STRING,"['CAB', 'LMT', 'MKT']",
MEOR,timeInForce,24,Required,Name/Value Pairs,OBJECT,,
MEOR,tradingSession,25,Required,Choice,STRING,"['FOR', 'PRE', 'PREREG', 'REG', 'REGPOST', 'POST', 'PREPOST', 'ALL']",
MEOR,affiliateFlag,26,Required,Boolean,BOOLEAN,,
MEOR,isoInd,27,Required,Choice,STRING,"['ISOD', 'ISOI', 'NA']",
MEOR,handlingInstructions,28,Conditional,Name/Value Pairs,OBJECT,,
MEOR,routeRejectedFlag,29,Optional,Boolean,BOOLEAN,,
MEOR,dupROIDCond,30,Required,Boolean,BOOLEAN,,
MEOR,seqNum,31,Conditional,Alphanumeric (40),STRING,,
MEOT,actionType,1,Required,Choice,STRING,"['NEW', 'COR', 'RPR', 'DEL']",
MEOT,errorROEID,2,Conditional,Unsigned,NUMBER,,
MEOT,firmROEID,3,Required,Text (64),STRING,,
MEOT,type,4,Required,Message Type,STRING,,
MEOT,CATReporterIMID,5,Optional,CAT Reporter IMID,STRING,,
MEOT,tradeKeyDate,6,Required,Timestamp,"['STRING', 'NUMBER']",,
MEOT,tradeID,7,Required,Text (64),STRING,,
MEOT,symbol,8,Required,Symbol,STRING,,
MEOT,eventTimestamp,9,Required,Timestamp,"['STRING', 'NUMBER']",,
MEOT,manualFlag,10,Required,Boolean,BOOLEAN,,
MEOT,electronicTimestamp,11,Conditional,Timestamp,"['STRING', 'NUMBER']",,
MEOT,cancelFlag,12,Required,Boolean,BOOLEAN,,
MEOT,cancelTimestamp,13,Conditional,Timestamp,"['STRING', 'NUMBER']",,
MEOT,quoteKeyDate,14,Conditional,Timestamp,"['STRING', 'NUMBER']",,
MEOT,quoteID,15,Conditional,Text (64),STRING,,
MEOT,quantity,16,Required,Real Quantity,NUMBER,,
MEOT,price,17,Required,Price,NUMBER,,
MEOT,capacity,18,Required,Choice,STRING,"['A', 'P', 'R']",
MEOT,tapeTradeID,19,Conditional,Text (40),STRING,,
MEOT,marketCenterID,20,Conditional,Choice,STRING,"['A', 'B', 'C', 'F', 'I', 'J', 'K', 'M', 'N', 'P', 'Q', 'V', 'W', 'X', 'Y', 'Z', 'DN', 'D', 'L', 'DC', 'O']",
MEOT,sideDetailsInd,21,Required,Choice,STRING,"['BUY', 'SELL', 'NA']",
MEOT,buyDetails,22,Conditional,Trade Side Details,ARRAY,,Array Elements exist
MEOT,sellDetails,23,Conditional,Trade Side Details,ARRAY,,Array Elements exist
MEOT,reportingExceptionCode,24,Conditional,Choice,STRING,"['F', 'N', 'P']",
MEOT,seqNum,25,Conditional,Alphanumeric (40),STRING,,
MEOT,nbbPrice,26,Conditional,Price,NUMBER,,
MEOT,nbbQty,27,Conditional,Whole Quantity,NUMBER,,
MEOT,nboPrice,28,Conditional,Price,NUMBER,,
MEOT,nboQty,29,Conditional,Whole Quantity,NUMBER,,
MEOT,nbboSource,30,Conditional,Choice,STRING,"['D', 'S', 'H', 'NA']",
MEOT,nbboTimestamp,31,Conditional,Timestamp,"['STRING', 'NUMBER']",,
MEOTS,actionType,1,Required,Choice,STRING,"['NEW', 'COR', 'RPR', 'DEL']",
MEOTS,errorROEID,2,Conditional,Unsigned,NUMBER,,
MEOTS,firmROEID,3,Required,Text (64),STRING,,
MEOTS,type,4,Required,Message Type,STRING,,
MEOTS,CATReporterIMID,5,Optional,CAT Reporter IMID,STRING,,
MEOTS,tradeKeyDate,6,Required,Timestamp,"['STRING', 'NUMBER']",,
MEOTS,tradeID,7,Required,Text (64),STRING,,
MEOTS,symbol,8,Required,Symbol,STRING,,
MEOTS,eventTimestamp,9,Required,Timestamp,"['STRING', 'NUMBER']",,
MEOTS,buyDetails,10,Conditional,Trade Side Details,ARRAY,,Array Elements exist
MEOTS,sellDetails,11,Conditional,Trade Side Details,ARRAY,,Array Elements exist
MEQC,actionType,1,Required,Choice,STRING,"['NEW', 'COR', 'RPR', 'DEL']",
MEQC,errorROEID,2,Conditional,Unsigned,NUMBER,,
MEQC,firmROEID,3,Required,Text (64),STRING,,
MEQC,type,4,Required,Message Type,STRING,,
MEQC,CATReporterIMID,5,Optional,CAT Reporter IMID,STRING,,
MEQC,quoteKeyDate,6,Required,Timestamp,"['STRING', 'NUMBER']",,
MEQC,quoteID,7,Required,Text (64),STRING,,
MEQC,symbol,8,Required,Symbol,STRING,,
MEQC,originatingIMID,9,Conditional,CAT Reporter IMID,STRING,,
MEQC,eventTimestamp,10,Required,Timestamp,"['STRING', 'NUMBER']",,
MEQC,seqNum,11,Conditional,Alphanumeric (40),STRING,,
MEQC,reservedForFutureUse,12,Optional,Text (0),STRING,,
MEQC,initiator,13,Required,Choice,STRING,"['C', 'F']",
MEQC,mpStatusCode,14,Conditional,Choice,STRING,"['O', 'C']",
MEQR,actionType,1,Required,Choice,STRING,"['NEW', 'COR', 'RPR', 'DEL']",
MEQR,errorROEID,2,Conditional,Unsigned,NUMBER,,
MEQR,firmROEID,3,Required,Text (64),STRING,,
MEQR,type,4,Required,Message Type,STRING,,
MEQR,CATReporterIMID,5,Optional,CAT Reporter IMID,STRING,,
MEQR,quoteKeyDate,6,Required,Timestamp,"['STRING', 'NUMBER']",,
MEQR,quoteID,7,Required,Text (64),STRING,,
MEQR,symbol,8,Required,Symbol,STRING,,
MEQR,receivedQuoteID,9,Required,Text (64),STRING,,
MEQR,eventTimestamp,10,Required,Timestamp,"['STRING', 'NUMBER']",,
MEQR,seqNum,11,Conditional,Alphanumeric (40),STRING,,
MEQR,receiverIMID,12,Required,Industry Member ID,STRING,,
MEQR,senderIMID,13,Required,Industry Member ID,STRING,,
MEQR,onlyOneQuoteFlag,14,Required,Boolean,BOOLEAN,,
MEQR,priorQuoteKeyDate,15,Conditional,Timestamp,"['STRING', 'NUMBER']",,
MEQR,priorQuoteID,16,Conditional,Text (64),STRING,,
MEQR,bidPrice,17,Conditional,Price,NUMBER,,
MEQR,bidQty,18,Conditional,Whole Quantity,NUMBER,,
MEQR,askPrice,19,Conditional,Price,NUMBER,,
MEQR,askQty,20,Conditional,Whole Quantity,NUMBER,,
MEQR,mpStatusCode,21,Conditional,Choice,STRING,"['O', 'C']",
MEQR,unsolicitedInd,22,Required,Choice,STRING,"['U', 'A', 'B', 'N']",
MEQR,quoteWantedInd,23,Conditional,Choice,STRING,"['A', 'B']",
MOCO,actionType,1,Required,Choice,STRING,"['NEW', 'COR', 'RPR', 'DEL']",
MOCO,errorROEID,2,Conditional,Unsigned,NUMBER,,
MOCO,firmROEID,3,Required,Text (64),STRING,,
MOCO,type,4,Required,Message Type,STRING,,
MOCO,CATReporterIMID,5,Optional,CAT Reporter IMID,STRING,,
MOCO,orderKeyDate,6,Required,Timestamp,"['STRING', 'NUMBER']",,
MOCO,orderID,7,Required,Text (64),STRING,,
MOCO,optionID,8,Required,Text (22),STRING,,
MOCO,parentOrderKeyDate,9,Required,Timestamp,"['STRING', 'NUMBER']",,
MOCO,parentOrderID,10,Required,Text (64),STRING,,
MOCO,originatingIMID,11,Conditional,CAT Reporter IMID,STRING,,
MOCO,eventTimestamp,12,Required,Timestamp,"['STRING', 'NUMBER']",,
MOCO,side,13,Required,Choice,STRING,"['B', 'SL', 'SS', 'SX']",
MOCO,price,14,Conditional,Price,NUMBER,,
MOCO,quantity,15,Required,Real Quantity,NUMBER,,
MOCO,minQty,16,Conditional,Whole Quantity,NUMBER,,
MOCO,orderType,17,Required,Choice,STRING,"['CAB', 'LMT', 'MKT']",
MOCO,timeInForce,18,Required,Name/Value Pairs,OBJECT,,
MOCO,tradingSession,19,Required,Choice,STRING,"['FOR', 'PRE', 'PREREG', 'REG', 'REGPOST', 'POST', 'PREPOST', 'ALL']",
MOCO,handlingInstructions,20,Conditional,Name/Value Pairs,OBJECT,,
MOCO,openCloseIndicator,21,Required,Choice,STRING,"['Open', 'Close']",
MOCO,priorUnlinked,22,Conditional,Choice,STRING,"['M', 'C']",
MOCO,nextUnlinked,23,Conditional,Choice,STRING,"['M', 'P', 'C']",
MOCOC,actionType,1,Required,Choice,STRING,"['NEW', 'COR', 'RPR', 'DEL']",
MOCOC,errorROEID,2,Conditional,Unsigned,NUMBER,,
MOCOC,firmROEID,3,Required,Text (64),STRING,,
MOCOC,type,4,Required,Message Type,STRING,,
MOCOC,CATReporterIMID,5,Optional,CAT Reporter IMID,STRING,,
MOCOC,orderKeyDate,6,Required,Timestamp,"['STRING', 'NUMBER']",,
MOCOC,orderID,7,Required,Text (64),STRING,,
MOCOC,optionID,8,Required,Text (22),STRING,,
MOCOC,originatingIMID,9,Conditional,CAT Reporter IMID,STRING,,
MOCOC,eventTimestamp,10,Required,Timestamp,"['STRING', 'NUMBER']",,
MOCOC,side,11,Required,Choice,STRING,"['B', 'SL', 'SS', 'SX']",
MOCOC,cancelQty,12,Required,Real Quantity,NUMBER,,
MOCOC,leavesQty,13,Required,Real Quantity,NUMBER,,
MOCOC,reservedForFutureUse,14,Optional,Text (0),STRING,,
MOCOC,priorUnlinked,15,Conditional,Choice,STRING,"['M', 'C']",
MOCOM,actionType,1,Required,Choice,STRING,"['NEW', 'COR', 'RPR', 'DEL']",
MOCOM,errorROEID,2,Conditional,Unsigned,NUMBER,,
MOCOM,firmROEID,3,Required,Text (64),STRING,,
MOCOM,type,4,Required,Message Type,STRING,,
MOCOM,CATReporterIMID,5,Optional,CAT Reporter IMID,STRING,,
MOCOM,orderKeyDate,6,Required,Timestamp,"['STRING', 'NUMBER']",,
MOCOM,orderID,7,Required,Text (64),STRING,,
MOCOM,optionID,8,Required,Text (22),STRING,,
MOCOM,priorOrderKeyDate,9,Conditional,Timestamp,"['STRING', 'NUMBER']",,
MOCOM,priorOrderID,10,Conditional,Text (64),STRING,,
MOCOM,originatingIMID,11,Conditional,CAT Reporter IMID,STRING,,
MOCOM,eventTimestamp,12,Required,Timestamp,"['STRING', 'NUMBER']",,
MOCOM,side,13,Required,Choice,STRING,"['B', 'SL', 'SS', 'SX']",
MOCOM,price,14,Conditional,Price,NUMBER,,
MOCOM,quantity,15,Required,Real Quantity,NUMBER,,
MOCOM,minQty,16,Conditional,Whole Quantity,NUMBER,,
MOCOM,leavesQty,17,Required,Real Quantity,NUMBER,,
MOCOM,orderType,18,Required,Choice,STRING,"['CAB', 'LMT', 'MKT']",
MOCOM,timeInForce,19,Required,Name/Value Pairs,OBJECT,,
MOCOM,tradingSession,20,Required,Choice,STRING,"['FOR', 'PRE', 'PREREG', 'REG', 'REGPOST', 'POST', 'PREPOST', 'ALL']",
MOCOM,handlingInstructions,21,Conditional,Name/Value Pairs,OBJECT,,
MOCOM,openCloseIndicator,22,Conditional,Choice,STRING,"['Open', 'Close']",
MOCOM,priorUnlinked,23,Conditional,Choice,STRING,"['M', 'C']",
MOCOM,nextUnlinked,24,Conditional,Choice,STRING,"['M', 'P', 'C']",
MOFA,actionType,1,Required,Choice,STRING,"['NEW', 'COR', 'RPR', 'DEL']",
MOFA,errorROEID,2,Conditional,Unsigned,NUMBER,,
MOFA,firmROEID,3,Required,Text (64),STRING,,
MOFA,type,4,Required,Message Type,STRING,,
MOFA,CATReporterIMID,5,Optional,CAT Reporter IMID,STRING,,
MOFA,fillKeyDate,6,Required,Timestamp,"['STRING', 'NUMBER']",,
MOFA,fulfillmentID,7,Required,Text (64),STRING,,
MOFA,optionID,8,Required,Text (22),STRING,,
MOFA,priorFillKeyDate,9,Conditional,Timestamp,"['STRING', 'NUMBER']",,
MOFA,priorFulfillmentID,10,Conditional,Text (64),STRING,,
MOFA,originatingIMID,11,Conditional,CAT Reporter IMID,STRING,,
MOFA,eventTimestamp,12,Required,Timestamp,"['STRING', 'NUMBER']",,
MOFA,manualFlag,13,Required,Boolean,BOOLEAN,,
MOFA,electronicTimestamp,14,Conditional,Timestamp,"['STRING', 'NUMBER']",,
MOFA,fulfillmentLinkType,15,Required,Choice,STRING,"['Y', 'YF', 'YP', 'YE', 'FOR', 'O']",
MOFA,quantity,16,Required,Real Quantity,NUMBER,,
MOFA,price,17,Required,Price,NUMBER,,
MOFA,clientDetails,18,Required,Fulfillment Side Details,ARRAY,,Array Elements exist
MOFA,firmDetails,19,Optional,Fulfillment Side Details,ARRAY,,Array Elements exist
MOFA,priorUnlinked,20,Conditional,Choice,STRING,"['M', 'C']",
MOIR,actionType,1,Required,Choice,STRING,"['NEW', 'COR', 'RPR', 'DEL']",
MOIR,errorROEID,2,Conditional,Unsigned,NUMBER,,
MOIR,firmROEID,3,Required,Text (64),STRING,,
MOIR,type,4,Required,Message Type,STRING,,
MOIR,CATReporterIMID,5,Optional,CAT Reporter IMID,STRING,,
MOIR,orderKeyDate,6,Required,Timestamp,"['STRING', 'NUMBER']",,
MOIR,orderID,7,Required,Text (64),STRING,,
MOIR,optionID,8,Required,Text (22),STRING,,
MOIR,parentOrderKeyDate,9,Conditional,Timestamp,"['STRING', 'NUMBER']",,
MOIR,parentOrderID,10,Conditional,Text (64),STRING,,
MOIR,originatingIMID,11,Conditional,CAT Reporter IMID,STRING,,
MOIR,eventTimestamp,12,Required,Timestamp,"['STRING', 'NUMBER']",,
MOIR,manualFlag,13,Required,Boolean,BOOLEAN,,
MOIR,electronicTimestamp,14,Conditional,Timestamp,"['STRING', 'NUMBER']",,
MOIR,deptType,15,Required,Choice,STRING,"['A', 'ATS', 'DMA', 'FB', 'SA', 'T', 'O']",
MOIR,receivingDeskType,16,Required,Choice,STRING,"['A', 'AR', 'B', 'C', 'CR', 'D', 'EC', 'FB', 'IN', 'IS', 'O', 'PF', 'PR', 'PT', 'S', 'SW', 'T', 'TR']",
MOIR,side,17,Required,Choice,STRING,"['B', 'SL', 'SS', 'SX']",
MOIR,price,18,Conditional,Price,NUMBER,,
MOIR,quantity,19,Required,Real Quantity,NUMBER,,
MOIR,minQty,20,Conditional,Whole Quantity,NUMBER,,
MOIR,orderType,21,Required,Choice,STRING,"['CAB', 'LMT', 'MKT']",
MOIR,handlingInstructions,22,Conditional,Name/Value Pairs,OBJECT,,
MOIR,openCloseIndicator,23,Conditional,Choice,STRING,"['Open', 'Close']",
MOIR,priorUnlinked,24,Conditional,Choice,STRING,"['M', 'C']",
MOIR,nextUnlinked,25,Conditional,Choice,STRING,"['M', 'P', 'C']",
MOIR,timeInForce,26,Required,Name/Value Pairs,OBJECT,,
MOIR,tradingSession,27,Required,Choice,STRING,"['FOR', 'PRE', 'PREREG', 'REG', 'REGPOST', 'POST', 'PREPOST', 'ALL']",
MONO,actionType,1,Required,Choice,STRING,"['NEW', 'COR', 'RPR', 'DEL']",
MONO,errorROEID,2,Conditional,Unsigned,NUMBER,,
MONO,firmROEID,3,Required,Text (64),STRING,,
MONO,type,4,Required,Message Type,STRING,,
MONO,CATReporterIMID,5,Optional,CAT Reporter IMID,STRING,,
MONO,orderKeyDate,6,Required,Timestamp,"['STRING', 'NUMBER']",,
MONO,orderID,7,Required,Text (64),STRING,,
MONO,optionID,8,Required,Text (22),STRING,,
MONO,eventTimestamp,9,Required,Timestamp,"['STRING', 'NUMBER']",,
MONO,manualFlag,10,Required,Boolean,BOOLEAN,,
MONO,manualOrderKeyDate,11,Optional,Timestamp,"['STRING', 'NUMBER']",,
MONO,manualOrderID,12,Optional,Text (64),STRING,,
MONO,electronicDupFlag,13,Required,Boolean,BOOLEAN,,
MONO,electronicTimestamp,14,Conditional,Timestamp,"['STRING', 'NUMBER']",,
MONO,deptType,15,Required,Choice,STRING,"['A', 'ATS', 'DMA', 'FB', 'SA', 'T', 'O']",
MONO,side,16,Required,Choice,STRING,"['B', 'SL', 'SS', 'SX']",
MONO,price,17,Conditional,Price,NUMBER,,
MONO,quantity,18,Required,Real Quantity,NUMBER,,
MONO,minQty,19,Conditional,Whole Quantity,NUMBER,,
MONO,orderType,20,Required,Choice,STRING,"['CAB', 'LMT', 'MKT']",
MONO,timeInForce,21,Required,Name/Value Pairs,OBJECT,,
MONO,tradingSession,22,Required,Choice,STRING,"['FOR', 'PRE', 'PREREG', 'REG', 'REGPOST', 'POST', 'PREPOST', 'ALL']",
MONO,handlingInstructions,23,Conditional,Name/Value Pairs,OBJECT,,
MONO,firmDesignatedID,24,Required,Text (40),STRING,,
MONO,accountHolderType,25,Required,Choice,STRING,"['A', 'E', 'F', 'I', 'O', 'V', 'P', 'X']",
MONO,affiliateFlag,26,Required,Boolean,BOOLEAN,,
MONO,aggregatedOrders,27,Conditional,Aggregated Orders,ARRAY,,Array Elements exist
MONO,reservedForFutureUse,28,Optional,Text (0),STRING,,
MONO,openCloseIndicator,29,Conditional,Choice,STRING,"['Open', 'Close']",
MONO,representativeInd,30,Required,Choice,STRING,"['Y', 'YS', 'YF', 'YP', 'YE', 'O', 'N']",
MONO,nextUnlinked,31,Conditional,Choice,STRING,"['M', 'P', 'C']",
MONOS,actionType,1,Required,Choice,STRING,"['NEW', 'COR', 'RPR', 'DEL']",
MONOS,errorROEID,2,Conditional,Unsigned,NUMBER,,
MONOS,firmROEID,3,Required,Text (64),STRING,,
MONOS,type,4,Required,Message Type,STRING,,
MONOS,CATReporterIMID,5,Optional,CAT Reporter IMID,STRING,,
MONOS,orderKeyDate,6,Required,Timestamp,"['STRING', 'NUMBER']",,
MONOS,orderID,7,Required,Text (64),STRING,,
MONOS,optionID,8,Required,Text (22),STRING,,
MONOS,originatingIMID,9,Conditional,CAT Reporter IMID,STRING,,
MONOS,eventTimestamp,10,Required,Timestamp,"['STRING', 'NUMBER']",,
MONOS,aggregatedOrders,11,Conditional,Aggregated Orders,ARRAY,,Array Elements exist
MONOS,priorUnlinked,12,Conditional,Choice,STRING,"['M', 'C']",
MONOS,nextUnlinked,13,Conditional,Choice,STRING,"['M', 'P', 'C']",
MONOS,firmDesignatedID,14,Conditional,Text (40),STRING,,
MOOA,actionType,1,Required,Choice,STRING,"['NEW', 'COR', 'RPR', 'DEL']",
MOOA,errorROEID,2,Conditional,Unsigned,NUMBER,,
MOOA,firmROEID,3,Required,Text (64),STRING,,
MOOA,type,4,Required,Message Type,STRING,,
MOOA,CATReporterIMID,5,Optional,CAT Reporter IMID,STRING,,
MOOA,orderKeyDate,6,Required,Timestamp,"['STRING', 'NUMBER']",,
MOOA,orderID,7,Required,Text (64),STRING,,
MOOA,optionID,8,Required,Text (22),STRING,,
MOOA,eventTimestamp,9,Required,Timestamp,"['STRING', 'NUMBER']",,
MOOA,manualOrderKeyDate,10,Optional,Timestamp,"['STRING', 'NUMBER']",,
MOOA,manualOrderID,11,Optional,Text (64),STRING,,
MOOA,manualFlag,12,Required,Boolean,BOOLEAN,,
MOOA,electronicDupFlag,13,Required,Boolean,BOOLEAN,,
MOOA,electronicTimestamp,14,Conditional,Timestamp,"['STRING', 'NUMBER']",,
MOOA,receiverIMID,15,Required,Industry Member ID,STRING,,
MOOA,senderIMID,16,Required,"['Industry Member ID', 'Exchange ID']",STRING,,
MOOA,senderType,17,Required,Choice,STRING,"['F', 'E']",
MOOA,routedOrderID,18,Conditional,Text (64),STRING,,
MOOA,deptType,19,Required,Choice,STRING,"['A', 'ATS', 'DMA', 'FB', 'SA', 'T', 'O']",
MOOA,side,20,Required,Choice,STRING,"['B', 'SL', 'SS', 'SX']",
MOOA,price,21,Conditional,Price,NUMBER,,
MOOA,quantity,22,Required,Real Quantity,NUMBER,,
MOOA,minQty,23,Conditional,Whole Quantity,NUMBER,,
MOOA,orderType,24,Required,Choice,STRING,"['CAB', 'LMT', 'MKT']",
MOOA,timeInForce,25,Required,Name/Value Pairs,OBJECT,,
MOOA,tradingSession,26,Required,Choice,STRING,"['FOR', 'PRE', 'PREREG', 'REG', 'REGPOST', 'POST', 'PREPOST', 'ALL']",
MOOA,handlingInstructions,27,Conditional,Name/Value Pairs,OBJECT,,
MOOA,affiliateFlag,28,Required,Boolean,BOOLEAN,,
MOOA,reservedForFutureUse1,29,Optional,Text (0),STRING,,
MOOA,reservedForFutureUse2,30,Optional,Text (0),STRING,,
MOOA,openCloseIndicator,31,Conditional,Choice,STRING,"['Open', 'Close']",
MOOA,priorUnlinked,32,Conditional,Choice,STRING,"['M', 'C']",
MOOA,nextUnlinked,33,Conditional,Choice,STRING,"['M', 'P', 'C']",
MOOC,actionType,1,Required,Choice,STRING,"['NEW', 'COR', 'RPR', 'DEL']",
MOOC,errorROEID,2,Conditional,Unsigned,NUMBER,,
MOOC,firmROEID,3,Required,Text (64),STRING,,
MOOC,type,4,Required,Message Type,STRING,,
MOOC,CATReporterIMID,5,Optional,CAT Reporter IMID,STRING,,
MOOC,orderKeyDate,6,Required,Timestamp,"['STRING', 'NUMBER']",,
MOOC,orderID,7,Required,Text (64),STRING,,
MOOC,optionID,8,Required,Text (22),STRING,,
MOOC,originatingIMID,9,Conditional,CAT Reporter IMID,STRING,,
MOOC,eventTimestamp,10,Required,Timestamp,"['STRING', 'NUMBER']",,
MOOC,manualFlag,11,Required,Boolean,BOOLEAN,,
MOOC,electronicTimestamp,12,Conditional,Timestamp,"['STRING', 'NUMBER']",,
MOOC,cancelQty,13,Required,Real Quantity,NUMBER,,
MOOC,leavesQty,14,Required,Real Quantity,NUMBER,,
MOOC,initiator,15,Required,Choice,STRING,"['C', 'F']",
MOOC,priorUnlinked,16,Conditional,Choice,STRING,"['M', 'C']",
MOOF,actionType,1,Required,Choice,STRING,"['NEW', 'COR', 'RPR', 'DEL']",
MOOF,errorROEID,2,Conditional,Unsigned,NUMBER,,
MOOF,firmROEID,3,Required,Text (64),STRING,,
MOOF,type,4,Required,Message Type,STRING,,
MOOF,CATReporterIMID,5,Optional,CAT Reporter IMID,STRING,,
MOOF,fillKeyDate,6,Required,Timestamp,"['STRING', 'NUMBER']",,
MOOF,fulfillmentID,7,Required,Text (64),STRING,,
MOOF,optionID,8,Required,Text (22),STRING,,
MOOF,eventTimestamp,9,Required,Timestamp,"['STRING', 'NUMBER']",,
MOOF,manualFlag,10,Required,Boolean,BOOLEAN,,
MOOF,electronicTimestamp,11,Conditional,Timestamp,"['STRING', 'NUMBER']",,
MOOF,quantity,12,Required,Real Quantity,NUMBER,,
MOOF,price,13,Required,Price,NUMBER,,
MOOF,fulfillmentLinkType,14,Required,Choice,STRING,"['Y', 'YF', 'YP', 'YE', 'FOR', 'O']",
MOOF,clientDetails,15,Required,Fulfillment Side Details,ARRAY,,Array Elements exist
MOOF,firmDetails,16,Optional,Fulfillment Side Details,ARRAY,,Array Elements exist
MOOF,priorUnlinked,17,Conditional,Choice,STRING,"['M', 'C']",
MOOF,cancelFlag,18,Required,Boolean,BOOLEAN,,
MOOF,cancelTimestamp,19,Conditional,Timestamp,"['STRING', 'NUMBER']",,
MOOJ,actionType,1,Required,Choice,STRING,"['NEW', 'COR', 'RPR', 'DEL']",
MOOJ,errorROEID,2,Conditional,Unsigned,NUMBER,,
MOOJ,firmROEID,3,Required,Text (64),STRING,,
MOOJ,type,4,Required,Message Type,STRING,,
MOOJ,CATReporterIMID,5,Optional,CAT Reporter IMID,STRING,,
MOOJ,orderKeyDate,6,Required,Timestamp,"['STRING', 'NUMBER']",,
MOOJ,orderID,7,Required,Text (64),STRING,,
MOOJ,optionID,8,Required,Text (22),STRING,,
MOOJ,priorOrderKeyDate,9,Conditional,Timestamp,"['STRING', 'NUMBER']",,
MOOJ,priorOrderID,10,Conditional,Text (64),STRING,,
MOOJ,originatingIMID,11,Conditional,CAT Reporter IMID,STRING,,
MOOJ,eventTimestamp,12,Required,Timestamp,"['STRING', 'NUMBER']",,
MOOJ,manualFlag,13,Required,Boolean,BOOLEAN,,
MOOJ,electronicTimestamp,14,Conditional,Timestamp,"['STRING', 'NUMBER']",,
MOOJ,initiator,15,Required,Choice,STRING,"['C', 'F']",
MOOJ,price,16,Conditional,Price,NUMBER,,
MOOJ,quantity,17,Conditional,Real Quantity,NUMBER,,
MOOJ,minQty,18,Conditional,Whole Quantity,NUMBER,,
MOOJ,leavesQty,19,Conditional,Real Quantity,NUMBER,,
MOOJ,priorUnlinked,20,Conditional,Choice,STRING,"['M', 'C']",
MOOJ,nextUnlinked,21,Conditional,Choice,STRING,"['M', 'P', 'C']",
MOOM,actionType,1,Required,Choice,STRING,"['NEW', 'COR', 'RPR', 'DEL']",
MOOM,errorROEID,2,Conditional,Unsigned,NUMBER,,
MOOM,firmROEID,3,Required,Text (64),STRING,,
MOOM,type,4,Required,Message Type,STRING,,
MOOM,CATReporterIMID,5,Optional,CAT Reporter IMID,STRING,,
MOOM,orderKeyDate,6,Required,Timestamp,"['STRING', 'NUMBER']",,
MOOM,orderID,7,Required,Text (64),STRING,,
MOOM,optionID,8,Required,Text (22),STRING,,
MOOM,priorOrderKeyDate,9,Conditional,Timestamp,"['STRING', 'NUMBER']",,
MOOM,priorOrderID,10,Conditional,Text (64),STRING,,
MOOM,originatingIMID,11,Conditional,CAT Reporter IMID,STRING,,
MOOM,eventTimestamp,12,Required,Timestamp,"['STRING', 'NUMBER']",,
MOOM,manualOrderKeyDate,13,Optional,Timestamp,"['STRING', 'NUMBER']",,
MOOM,manualOrderID,14,Optional,Text (64),STRING,,
MOOM,manualFlag,15,Required,Boolean,BOOLEAN,,
MOOM,electronicDupFlag,16,Required,Boolean,BOOLEAN,,
MOOM,electronicTimestamp,17,Conditional,Timestamp,"['STRING', 'NUMBER']",,
MOOM,receiverIMID,18,Conditional,Industry Member ID,STRING,,
MOOM,senderIMID,19,Conditional,"['Industry Member ID', 'Exchange ID']",STRING,,
MOOM,senderType,20,Conditional,Choice,STRING,"['F', 'E']",
MOOM,routedOrderID,21,Conditional,Text (64),STRING,,
MOOM,initiator,22,Required,Choice,STRING,"['C', 'F']",
MOOM,side,23,Required,Choice,STRING,"['B', 'SL', 'SS', 'SX']",
MOOM,price,24,Conditional,Price,NUMBER,,
MOOM,quantity,25,Required,Real Quantity,NUMBER,,
MOOM,minQty,26,Conditional,Whole Quantity,NUMBER,,
MOOM,leavesQty,27,Required,Real Quantity,NUMBER,,
MOOM,orderType,28,Required,Choice,STRING,"['CAB', 'LMT', 'MKT']",
MOOM,timeInForce,29,Required,Name/Value Pairs,OBJECT,,
MOOM,tradingSession,30,Required,Choice,STRING,"['FOR', 'PRE', 'PREREG', 'REG', 'REGPOST', 'POST', 'PREPOST', 'ALL']",
MOOM,handlingInstructions,31,Conditional,Name/Value Pairs,OBJECT,,
MOOM,openCloseIndicator,32,Conditional,Choice,STRING,"['Open', 'Close']",
MOOM,reservedForFutureUse1,33,Optional,Text (0),STRING,,
MOOM,reservedForFutureUse2,34,Optional,Text (0),STRING,,
MOOM,aggregatedOrders,35,Conditional,Aggregated Orders,ARRAY,,Array Elements exist
MOOM,representativeInd,36,Required,Choice,STRING,"['Y', 'YS', 'YF', 'YP', 'YE', 'O', 'N']",
MOOM,priorUnlinked,37,Conditional,Choice,STRING,"['M', 'C']",
MOOM,nextUnlinked,38,Conditional,Choice,STRING,"['M', 'P', 'C']",
MOOR,actionType,1,Required,Choice,STRING,"['NEW', 'COR', 'RPR', 'DEL']",
MOOR,errorROEID,2,Conditional,Unsigned,NUMBER,,
MOOR,firmROEID,3,Required,Text (64),STRING,,
MOOR,type,4,Required,Message Type,STRING,,
MOOR,CATReporterIMID,5,Optional,CAT Reporter IMID,STRING,,
MOOR,orderKeyDate,6,Required,Timestamp,"['STRING', 'NUMBER']",,
MOOR,orderID,7,Required,Text (64),STRING,,
MOOR,optionID,8,Required,Text (22),STRING,,
MOOR,originatingIMID,9,Conditional,CAT Reporter IMID,STRING,,
MOOR,eventTimestamp,10,Required,Timestamp,"['STRING', 'NUMBER']",,
MOOR,manualFlag,11,Required,Boolean,BOOLEAN,,
MOOR,electronicDupFlag,12,Required,Boolean,BOOLEAN,,
MOOR,electronicTimestamp,13,Conditional,Timestamp,"['STRING', 'NUMBER']",,
MOOR,senderIMID,14,Conditional,Industry Member ID,STRING,,
MOOR,destination,15,Conditional,"['Industry Member ID', 'Exchange ID']",STRING,,
MOOR,destinationType,16,Required,Choice,STRING,"['F', 'E', 'N']",
MOOR,routedOrderID,17,Conditional,Text (64),STRING,,
MOOR,session,18,Conditional,Text (40),STRING,,
MOOR,side,19,Required,Choice,STRING,"['B', 'SL', 'SS', 'SX']",
MOOR,price,20,Conditional,Price,NUMBER,,
MOOR,quantity,21,Required,Real Quantity,NUMBER,,
MOOR,minQty,22,Conditional,Whole Quantity,NUMBER,,
MOOR,orderType,23,Required,Choice,STRING,"['CAB', 'LMT', 'MKT']",
MOOR,timeInForce,24,Required,Name/Value Pairs,OBJECT,,
MOOR,tradingSession,25,Required,Choice,STRING,"['FOR', 'PRE', 'PREREG', 'REG', 'REGPOST', 'POST', 'PREPOST', 'ALL']",
MOOR,handlingInstructions,26,Conditional,Name/Value Pairs,OBJECT,,
MOOR,routeRejectedFlag,27,Optional,Boolean,BOOLEAN,,
MOOR,exchOriginCode,28,Conditional,Text (4),STRING,,
MOOR,affiliateFlag,29,Required,Boolean,BOOLEAN,,
MOOR,reservedForFutureUse,30,Optional,Text (0),STRING,,
MOOR,openCloseIndicator,31,Conditional,Choice,STRING,"['Open', 'Close']",
MOOR,priorUnlinked,32,Conditional,Choice,STRING,"['M', 'C']",
MOOR,nextUnlinked,33,Conditional,Choice,STRING,"['M', 'P', 'C']",
